,City,Cloudiness,Date,Humidity,Lat,Lng,Max Temp,Wind Speed,Country
0,Salalah,100,1659489615,100,17.0151,54.0924,75.29,4.61,OM
1,Lugovoy,2,1659489736,67,42.9472,72.7644,66.65,9.66,KZ
2,Rikitea,40,1659489509,73,-23.1203,-134.9692,72.34,20.58,PF
3,Yellowknife,18,1659488981,43,62.456,-114.3525,62.2,8.32,CA
4,Butaritari,20,1659489209,75,3.0707,172.7902,82.02,15.99,KI
5,Mataura,99,1659489500,85,-46.1927,168.8643,44.47,10.4,NZ
6,Barrow,0,1659489101,71,71.2906,-156.7887,48.22,13.8,US
7,Carnarvon,56,1659489196,58,-24.8667,113.6333,68.58,19.39,AU
8,Busselton,100,1659489505,67,-33.65,115.3333,54.09,31.21,AU
9,Fare,31,1659489739,69,-16.7,-151.0167,78.26,23.13,PF
10,Cherskiy,100,1659489573,93,68.75,161.3,49.73,8.66,RU
11,Hermanus,8,1659489201,84,-34.4187,19.2345,47.8,2.51,ZA
12,San Rafael,0,1659489739,53,-34.6177,-68.3301,49.46,6.13,AR
13,Vaini,75,1659489193,89,-21.2,-175.2,80.76,12.66,TO
14,Hilo,100,1659489503,77,19.7297,-155.09,80.33,6.91,US
15,Kavieng,32,1659489268,72,-2.5744,150.7967,84.34,16.4,PG
16,Inhambane,25,1659489741,70,-23.865,35.3833,62.87,4.18,MZ
17,Palmer,75,1659489408,81,42.1584,-72.3287,79.21,3.44,US
18,Mandalgovi,19,1659489676,48,45.7625,106.2708,75.18,10.85,MN
19,Cabo San Lucas,0,1659489191,51,22.8909,-109.9124,89.91,10.36,MX
20,Albany,0,1659489309,64,42.6001,-73.9662,76.64,8.48,US
21,Halifax,100,1659489601,97,44.6453,-63.5724,71.49,1.01,CA
22,Mount Isa,29,1659489407,24,-20.7333,139.5,83.97,11.5,AU
23,Saint-Pierre,75,1659489744,81,-21.3393,55.4781,65.91,6.91,RE
24,Payakumbuh,100,1659489745,96,-0.2202,100.6308,71.02,1.66,ID
25,Ushuaia,100,1659489513,93,-54.8,-68.3,35.26,0.0,AR
26,Lavrentiya,28,1659489195,55,65.5833,-171.0,58.19,11.41,RU
27,Jamestown,0,1659489553,59,42.097,-79.2353,65.84,6.91,US
28,Ribeira Grande,98,1659489253,84,38.5167,-28.7,75.38,13.69,PT
29,Bethel,0,1659489254,90,41.3712,-73.414,80.49,0.0,US
30,Thompson,100,1659489134,84,55.7435,-97.8558,55.44,2.21,CA
31,Port Elizabeth,0,1659489223,65,-33.918,25.5701,61.32,1.99,ZA
32,Nioki,99,1659489748,48,-2.7167,17.6833,80.42,3.33,CD
33,Howard Springs,100,1659489748,77,-12.497,131.047,81.99,4.68,AU
34,Asău,0,1659489749,69,46.4333,26.4,58.28,5.03,RO
35,Saint-Joseph,49,1659489660,81,-21.3667,55.6167,64.2,9.91,RE
36,Dikson,100,1659489516,89,73.5069,80.5464,43.09,13.96,RU
37,Bredasdorp,14,1659489534,87,-34.5322,20.0403,49.28,4.23,ZA
38,Gao,50,1659489750,52,16.6362,1.637,84.96,10.38,ML
39,Qaanaaq,19,1659489530,61,77.484,-69.3632,45.16,2.17,GL
40,Smithers,75,1659489751,72,54.7804,-127.1743,61.12,0.0,CA
41,Dingle,100,1659489751,78,10.9995,122.6711,83.95,6.42,PH
42,Kapaa,100,1659489552,79,22.0752,-159.319,85.98,23.02,US
43,Upernavik,73,1659489566,81,72.7868,-56.1549,44.65,1.81,GL
44,Provideniya,0,1659489236,55,64.3833,-173.3,60.91,15.66,RU
45,Sotouboua,100,1659489753,94,8.5667,0.9833,68.65,3.18,TG
46,Lebu,1,1659489506,81,-37.6167,-73.65,46.98,15.59,CL
47,East London,70,1659489291,58,-33.0153,27.9116,65.55,5.14,ZA
48,Saint Paul Harbor,0,1659488977,45,57.79,-152.4072,67.51,31.07,US
49,Longyearbyen,75,1659489230,87,78.2186,15.6401,49.84,3.44,SJ
50,Torbay,100,1659489239,81,47.6666,-52.7314,66.58,10.04,CA
51,Celestún,44,1659489755,81,20.8667,-90.4,81.61,19.04,MX
52,Aksarka,36,1659489756,67,66.5606,67.7975,59.38,7.56,RU
53,Faanui,2,1659489183,68,-16.4833,-151.75,78.42,22.46,PF
54,Hefei,0,1659489757,66,31.8639,117.2808,91.42,6.71,CN
55,Marrakesh,40,1659489252,26,31.6315,-8.0083,95.07,4.61,MA
56,Vila Franca do Campo,48,1659489183,81,37.7167,-25.4333,66.61,1.83,PT
57,Port Lincoln,0,1659489270,55,-34.7333,135.8667,59.43,26.89,AU
58,Pisco,20,1659489217,82,-13.7,-76.2167,60.85,10.36,PE
59,Yelanskiy,0,1659489759,85,56.8419,62.5014,53.47,5.14,RU
60,Burnie,100,1659489759,85,-41.0667,145.9167,56.91,22.44,AU
61,Nikolskoye,68,1659489517,91,59.7035,30.7861,58.8,4.85,RU
62,Saint-Philippe,50,1659489521,81,-21.3585,55.7679,65.21,9.31,RE
63,Thinadhoo,99,1659489664,76,0.5333,72.9333,80.26,10.45,MV
64,Avarua,100,1659489592,53,-21.2078,-159.775,77.05,10.36,CK
65,Tasiilaq,16,1659489223,60,65.6145,-37.6368,42.96,2.57,GL
66,Severo-Kuril'sk,13,1659489506,76,50.6789,156.125,56.39,6.76,RU
67,Bluff,42,1659489532,74,-46.6,168.3333,44.8,29.21,NZ
68,Taoudenni,71,1659489385,9,22.6783,-3.9836,101.5,9.42,ML
69,Punta Arenas,20,1659489513,100,-53.15,-70.9167,33.91,2.3,CL
70,Campbell River,40,1659489509,46,50.0163,-125.2446,73.78,6.91,CA
71,Los Llanos de Aridane,75,1659489763,83,28.6585,-17.9182,67.75,16.11,ES
72,Archidona,0,1659489764,44,37.0965,-4.3887,72.41,4.97,ES
73,Vavoua,98,1659489764,89,7.3819,-6.4778,70.56,5.66,CI
74,Puerto Ayora,31,1659489496,87,-0.7393,-90.3518,70.56,8.99,EC
75,Cairns,40,1659489766,64,-16.9167,145.7667,83.07,13.8,AU
76,New Norfolk,83,1659489217,79,-42.7826,147.0587,59.92,4.0,AU
77,Alugan,44,1659489766,72,12.2188,125.4808,84.43,3.49,PH
78,Biak,99,1659489767,75,-0.9131,122.8766,79.72,6.51,ID
79,Ponta do Sol,11,1659489203,82,32.6667,-17.1,73.0,5.32,PT
80,Broken Hill,0,1659489768,40,-31.95,141.4333,68.88,26.26,AU
81,Stykkisholmur,99,1659489769,76,65.0757,-22.7297,45.39,14.94,IS
82,Mar del Plata,100,1659489249,97,-38.0023,-57.5575,55.09,2.3,AR
83,Cape Town,75,1659489429,87,-33.9258,18.4232,58.37,5.75,ZA
84,Sørland,86,1659489202,79,67.667,12.6934,53.46,20.38,NO
85,Port Alfred,4,1659489201,55,-33.5906,26.891,65.98,10.07,ZA
86,Zhigansk,81,1659489313,54,66.7697,123.3711,51.91,18.88,RU
87,Shakawe,4,1659489771,54,-18.3667,21.85,57.34,1.36,BW
88,Waingapu,44,1659489772,66,-9.6567,120.2641,80.29,7.36,ID
89,College,75,1659489358,71,64.8569,-147.8028,68.58,10.36,US
90,Bambous Virieux,40,1659489195,88,-20.3428,57.7575,66.45,4.61,MU
91,Mahébourg,40,1659489596,88,-20.4081,57.7,66.49,4.61,MU
92,Pointe Michel,100,1659489773,77,15.25,-61.3833,82.69,13.96,DM
93,Kungurtug,100,1659489774,76,50.5994,97.5228,59.54,1.21,RU
94,Touros,8,1659489217,88,-5.1989,-35.4608,75.2,7.9,BR
95,Tazmalt,26,1659489775,53,36.3868,4.3989,72.52,2.71,DZ
96,Copiapó,0,1659489502,75,-27.3667,-70.3333,49.69,0.81,CL
97,Karasjok,100,1659489776,92,69.4719,25.5112,52.54,4.63,NO
98,Hobart,40,1659489519,63,-42.8794,147.3294,59.25,14.97,AU
99,Tigre,20,1659489777,87,-34.426,-58.5796,58.21,4.61,AR
100,Muros,22,1659489540,80,42.7762,-9.0603,70.09,10.6,ES
101,Saskylakh,100,1659489271,70,71.9167,114.0833,45.37,11.21,RU
102,Kamenka,99,1659489779,59,51.3223,42.7678,64.56,10.42,RU
103,Yaan,100,1659489710,93,7.3833,8.5667,71.28,4.0,NG
104,Kununurra,9,1659489779,37,-15.7667,128.7333,84.18,8.05,AU
105,Isangel,75,1659489283,79,-19.55,169.2667,84.31,2.3,VU
106,Tuktoyaktuk,75,1659489520,87,69.4541,-133.0374,53.6,13.8,CA
107,Magadan,90,1659489781,88,59.5667,150.8,61.54,9.64,RU
108,Kaitangata,82,1659489273,74,-46.2817,169.8464,50.88,15.32,NZ
109,Padang,100,1659489619,88,-0.9492,100.3543,77.05,2.86,ID
110,Leeuwarden,27,1659489782,93,53.2014,5.8086,66.99,6.91,NL
111,Geraldton,75,1659489328,72,-28.7667,114.6,61.21,13.8,AU
112,Thunder Bay,100,1659489719,77,48.4001,-89.3168,64.31,6.91,CA
113,Lata,32,1659489678,94,40.1629,-8.3327,61.05,0.49,PT
114,Fortuna,20,1659489223,76,40.5982,-124.1573,71.92,13.8,US
115,Ceamurlia de Jos,0,1659489784,67,44.7333,28.7167,67.35,7.94,RO
116,Ulaangom,26,1659489593,59,49.9811,92.0667,65.57,5.86,MN
117,Lüderitz,0,1659489296,80,-26.6481,15.1594,53.51,4.85,NA
118,Sechura,0,1659489785,77,-5.5569,-80.8222,66.07,13.27,PE
119,Oussouye,100,1659489624,87,12.485,-16.5469,78.98,6.64,SN
120,Belmonte,0,1659489786,83,-15.8631,-38.8828,70.77,5.57,BR
121,Amapá,100,1659489345,99,1.0,-52.0,71.94,2.39,BR
122,Clyde River,100,1659489194,95,70.4692,-68.5914,36.41,3.4,CA
123,Makakilo City,20,1659489583,48,21.3469,-158.0858,84.56,18.41,US
124,Castro,0,1659489499,66,-24.7911,-50.0119,58.96,3.51,BR
125,Atuona,12,1659489501,73,-9.8,-139.0333,77.27,13.15,PF
126,Lamu,16,1659489788,81,-2.2717,40.902,73.62,17.69,KE
127,Gemeente Wageningen,20,1659489566,93,51.9667,5.6667,67.1,4.61,NL
128,Zyryanka,100,1659489606,91,65.75,150.85,61.72,13.29,RU
129,Khatanga,100,1659489231,67,71.9667,102.5,45.97,5.3,RU
130,Saryozek,12,1659489790,29,44.3583,77.9753,73.96,1.81,KZ
131,Safi,1,1659489571,86,32.2994,-9.2372,72.36,11.7,MA
132,Constitución,0,1659489195,76,-35.3333,-72.4167,48.18,5.53,CL
133,Port Blair,100,1659489236,86,11.6667,92.75,79.63,21.45,IN
134,Necochea,100,1659489385,88,-38.5473,-58.7368,51.55,7.25,AR
135,Hervey Bay,100,1659489792,79,-25.2986,152.8535,70.02,4.0,AU
136,La Palma,20,1659489792,58,33.8464,-118.0467,91.49,12.66,US
137,Arraial do Cabo,0,1659489510,87,-22.9661,-42.0278,69.67,4.99,BR
138,Marawi,24,1659489793,65,7.9986,124.2928,79.21,0.83,PH
139,Pacifica,75,1659489642,83,37.6138,-122.4869,81.73,21.85,US
140,Sitka,100,1659489114,88,57.0531,-135.33,57.09,11.5,US
141,Esperance,40,1659489531,61,-33.8667,121.9,53.44,31.32,AU
142,Fort Nelson,75,1659489128,63,58.8053,-122.7002,63.99,13.8,CA
143,Hong Kong,100,1659489271,81,22.2855,114.1577,84.38,11.01,HK
144,Paragould,0,1659489755,84,36.0584,-90.4973,85.84,5.84,US
145,Neuquén,0,1659489769,70,-38.9516,-68.0591,37.29,0.0,AR
146,Chihuahua,4,1659489796,22,28.5,-106.0,90.43,10.87,MX
147,Cam Ranh,20,1659489797,66,11.9214,109.1591,85.96,1.14,VN
148,Sochi,0,1659489767,85,43.6,39.7303,73.49,4.41,RU
149,George Town,40,1659489204,92,5.4112,100.3354,75.88,0.0,MY
150,Esfarāyen,2,1659489798,41,37.0765,57.5101,62.26,4.32,IR
151,Arlit,1,1659489222,30,18.7369,7.3853,92.21,8.21,NE
152,São Gabriel da Cachoeira,100,1659489799,98,-0.1303,-67.0892,73.27,2.01,BR
153,Pakse,75,1659489799,100,15.1167,105.7833,77.14,2.3,LA
154,Okhotsk,98,1659489800,79,59.3833,143.3,61.66,7.36,RU
155,Ixtapa,75,1659489318,66,20.7,-105.2,87.22,6.91,MX
156,Mahon,0,1659489801,83,39.8885,4.2658,75.76,2.3,ES
157,Bathsheba,20,1659489383,85,13.2167,-59.5167,83.01,17.27,BB
158,Belaya Gora,98,1659489324,71,68.5333,146.4167,55.24,8.32,RU
159,Buin,0,1659489513,84,-33.7333,-70.75,52.74,2.84,CL
160,Domoni,16,1659489803,80,-12.2569,44.5319,72.91,1.34,KM
161,Boyolangu,100,1659489541,86,-8.1181,111.8935,77.45,4.25,ID
162,Dongsheng,91,1659489804,56,39.8161,109.9776,77.18,12.97,CN
163,Umluj,91,1659489804,75,25.0213,37.2685,84.06,3.11,SA
164,Pangnirtung,66,1659489083,78,66.1451,-65.7125,47.97,1.52,CA
165,Richards Bay,4,1659489697,79,-28.783,32.0377,62.89,12.46,ZA
166,Jiamusi,100,1659489806,58,46.8333,130.35,84.99,4.43,CN
167,Kutum,100,1659489806,65,14.2,24.6667,71.85,5.44,SD
168,Beringovskiy,91,1659489205,62,63.05,179.3167,58.55,4.23,RU
169,Camocim,6,1659489807,83,-2.9022,-40.8411,76.91,10.16,BR
170,Hithadhoo,100,1659489497,76,-0.6,73.0833,80.35,11.88,MV
171,Henties Bay,28,1659489601,76,-22.116,14.2845,53.13,6.6,NA
172,Leningradskiy,100,1659489304,65,69.3833,178.4167,51.46,8.97,RU
173,Lázaro Cárdenas,37,1659489676,75,17.9583,-102.2,84.31,8.28,MX
174,Huilong,2,1659489809,76,31.8111,121.655,88.93,15.7,CN
175,Gorin,100,1659489810,89,51.1983,136.6669,64.58,2.59,RU
176,Tateyama,100,1659489413,82,34.9833,139.8667,84.02,10.42,JP
177,Groves,20,1659489811,78,29.9483,-93.9171,87.85,8.05,US
178,Makat,0,1659489811,40,47.6469,53.3463,76.95,8.81,KZ
179,Grafton,100,1659489812,84,42.207,-71.6856,81.12,5.75,US
180,Vernon,99,1659489812,32,50.2581,-119.2691,89.62,3.0,CA
181,Borova,100,1659489813,91,50.1763,30.1043,64.35,11.63,UA
182,Coquimbo,100,1659489813,76,-29.9533,-71.3436,53.33,2.3,CL
183,Hasaki,100,1659489237,72,35.7333,140.8333,93.29,7.76,JP
184,Chui,88,1659489323,95,-33.6971,-53.4616,53.85,6.96,UY
185,Baykit,100,1659489705,91,61.67,96.37,53.46,2.71,RU
186,Flinders,68,1659489340,62,-34.5833,150.8552,69.06,5.99,AU
187,Kalabo,1,1659489816,54,-14.97,22.6814,57.69,6.58,ZM
188,Mount Gambier,75,1659489816,77,-37.8333,140.7667,57.11,20.71,AU
189,Dzhebariki-Khaya,99,1659489817,66,62.2167,135.8,72.41,5.75,RU
190,Arrondissement d'Ajaccio,0,1659489758,64,42.0,8.9167,71.65,8.05,FR
191,Norfolk,64,1659489818,86,42.1668,-71.2495,81.14,4.59,US
192,Portland,20,1659489606,40,45.5234,-122.6762,90.28,9.22,US
193,Nome,0,1659489294,63,64.5011,-165.4064,69.17,18.41,US
194,Nouadhibou,5,1659489604,83,20.931,-17.0347,73.38,10.36,MR
195,Şereflikoçhisar,0,1659489819,56,38.9393,33.5386,73.17,9.04,TR
196,Kerrville,0,1659489820,35,30.0474,-99.1403,94.55,10.36,US
197,Chachapoyas,42,1659489710,95,-6.2317,-77.869,54.73,3.13,PE
198,Panguna,74,1659489582,57,-6.3164,155.4848,82.47,4.23,PG
199,Karaj,20,1659489821,36,35.8355,51.0103,79.32,4.61,IR
200,City of San Pedro,75,1659489821,81,14.35,121.0167,84.31,3.44,PH
201,Airai,84,1659489305,36,-8.9266,125.4092,70.38,2.59,TL
202,Itarema,10,1659489520,83,-2.9248,-39.9167,78.01,11.72,BR
203,Oliveira dos Brejinhos,2,1659489822,53,-12.3169,-42.8961,70.34,6.55,BR
204,Savièse,0,1659489823,52,46.2511,7.3456,68.76,1.14,CH
205,Atbasar,38,1659489824,81,51.8,68.3333,58.01,10.33,KZ
206,Mestia,0,1659489825,89,43.0458,42.7278,56.82,2.42,GE
207,Carhuamayo,62,1659489825,90,-10.9167,-76.0333,37.29,3.04,PE
208,San Juan,0,1659489641,45,-31.5375,-68.5364,55.67,9.35,AR
209,Yangi Marg`ilon,8,1659489342,56,40.4272,71.7189,72.32,0.0,UZ
210,Tura,100,1659489512,95,25.5198,90.2201,74.95,2.86,IN
211,Ancud,100,1659489522,89,-41.8697,-73.8203,45.23,3.98,CL
212,Kahului,40,1659489827,60,20.8947,-156.47,87.82,19.57,US
213,Saint Anthony,0,1659489828,67,45.0205,-93.218,91.92,16.11,US
214,Makhalino,11,1659489828,93,53.0854,46.2211,58.48,5.75,RU
215,Harrisburg,0,1659489829,75,40.2737,-76.8844,81.12,5.61,US
216,Nizhniy Kuranakh,100,1659489830,63,58.8353,125.4869,74.32,2.77,RU
217,Ketchikan,100,1659489830,67,55.3422,-131.6461,63.07,0.0,US
218,São João da Barra,1,1659489831,90,-21.6403,-41.0511,71.08,7.47,BR
219,Labuan,20,1659489831,84,5.2767,115.2417,84.56,3.44,MY
220,Ahipara,100,1659489509,70,-35.1667,173.1667,61.95,2.98,NZ
221,Aden,18,1659489832,72,12.7794,45.0367,84.06,7.11,YE
222,Forestville,40,1659489833,72,38.8451,-76.875,84.24,6.91,US
223,Cidreira,100,1659489833,87,-30.1811,-50.2056,60.51,10.04,BR
224,Shuiji,46,1659489834,76,27.4214,118.345,84.25,0.09,CN
225,Olinda,100,1659489074,88,-8.0089,-34.8553,74.93,3.44,BR
226,Lloydminster,75,1659489563,88,53.2835,-110.0016,57.42,8.05,CA
227,Puerto Baquerizo Moreno,55,1659489759,75,-0.9,-89.6,69.28,13.82,EC
228,Talnakh,10,1659489835,58,69.4865,88.3972,49.21,3.58,RU
229,Valparaíso,0,1659489732,85,-33.0393,-71.6273,53.47,2.3,CL
230,Noumea,100,1659489626,99,-22.2763,166.4572,78.78,5.75,NC
231,Livingston,20,1659489285,74,55.9029,-3.5226,61.48,14.97,GB
232,Benghazi,0,1659489837,68,32.1167,20.0667,79.88,11.65,LY
233,Abu Samrah,0,1659489838,71,35.3029,37.1841,75.24,6.8,SY
234,Belaguntha,100,1659489838,84,19.8833,84.65,81.28,0.4,IN
235,Pevek,100,1659489548,100,69.7008,170.3133,39.56,3.69,RU
236,Mortka,19,1659489839,75,59.3322,66.0214,54.03,2.19,RU
237,Dukat,100,1659489839,71,62.55,155.55,58.95,7.72,RU
238,Port Hardy,100,1659489310,94,50.6996,-127.4199,57.38,8.05,CA
239,Tutóia,0,1659489578,88,-2.7619,-42.2744,77.14,9.26,BR
240,Hanzhong,25,1659489841,68,33.0728,107.0303,81.54,2.75,CN
241,Jalu,0,1659489552,60,29.0331,21.5482,79.14,13.96,LY
242,Madona,53,1659489842,93,56.8533,26.217,57.43,3.42,LV
243,Ubari,9,1659489842,26,26.5921,12.7805,84.97,7.23,LY
244,Borovskoy,63,1659489617,83,53.8,64.15,55.92,8.59,KZ
245,Laas,14,1659489774,88,46.6166,10.7002,60.37,1.7,IT
246,Kirkuk,0,1659489844,16,35.4681,44.3922,94.84,8.1,IQ
247,Ulaanbaatar,75,1659489684,63,47.9077,106.8832,66.33,15.66,MN
248,Volchansk,43,1659489845,80,59.9378,60.081,52.36,1.59,RU
249,Fukuechō,75,1659489845,89,32.6881,128.8419,82.76,9.22,JP
250,Lagoa,99,1659489398,86,39.05,-27.9833,74.07,15.86,PT
251,Makassar,20,1659489846,78,-5.14,119.4221,82.45,3.44,ID
252,San Cristobal,100,1659489387,91,7.7669,-72.225,68.18,1.9,VE
253,Puerto Carreño,100,1659489249,87,6.189,-67.4859,77.0,4.92,CO
254,Vangaindrano,100,1659489848,85,-23.35,47.6,64.35,4.18,MG
255,Bac Ninh,71,1659489848,76,21.1833,106.05,86.09,2.24,VN
256,Kyren,80,1659489849,86,51.6828,102.1408,65.26,2.35,RU
257,Lethem,96,1659489849,91,3.3803,-59.7968,75.47,5.55,GY
258,Sabang,100,1659489850,71,5.8933,95.3214,82.69,20.13,ID
259,Bilma,5,1659489693,41,18.6853,12.9164,88.36,7.52,NE
260,Warrensburg,0,1659489850,64,38.7628,-93.7361,91.38,10.36,US
261,San Quintín,100,1659489303,71,30.4833,-115.95,73.96,13.73,MX
262,Ābādān,2,1659489851,74,30.3392,48.3043,89.55,2.3,IR
263,Haines Junction,100,1659489852,67,60.7522,-137.5108,57.15,5.75,CA
264,Mapulot,100,1659489852,76,14.0339,122.5408,84.13,1.54,PH
265,Nioro,100,1659489853,91,13.35,-15.75,76.62,3.83,GM
266,Goderich,0,1659489528,82,43.7501,-81.7165,66.9,3.44,CA
267,Kiunga,100,1659489854,95,-6.1219,141.2906,76.3,2.15,PG
268,Shirochanskoye,4,1659489854,80,46.6497,38.3978,72.7,6.35,RU
269,Diamantino,0,1659489704,31,-14.4086,-56.4461,74.75,5.12,BR
270,Port Hedland,59,1659489633,60,-20.3167,118.5667,71.65,14.97,AU
271,Koshurnikovo,100,1659489855,97,54.1667,93.3,52.38,2.37,RU
272,Strezhevoy,0,1659489319,69,60.7333,77.5889,57.04,8.16,RU
273,Severo-Yeniseyskiy,100,1659489856,95,60.3725,93.0408,46.36,2.35,RU
274,Kruisfontein,4,1659489857,56,-34.0033,24.7314,57.16,5.99,ZA
275,Hay River,40,1659489700,48,60.8156,-115.7999,66.18,9.22,CA
276,General Roca,0,1659489857,38,-39.0333,-67.5833,47.64,4.9,AR
277,Yulara,11,1659489305,43,-25.2406,130.9889,72.88,14.63,AU
278,Opuwo,99,1659489859,17,-18.0607,13.84,46.31,0.89,NA
279,Narsaq,7,1659489370,79,60.9167,-46.05,48.42,1.92,GL
280,Botou,5,1659489860,60,38.0667,116.5667,89.55,6.15,CN
281,Pizarro,100,1659489860,89,4.9533,-77.366,76.48,4.54,CO
282,Itoman,20,1659489861,81,26.1247,127.6694,87.82,5.75,JP
283,Bengkulu,100,1659489861,88,-3.8004,102.2655,76.15,3.62,ID
284,Severnyy,0,1659489862,94,50.677,36.5532,62.64,4.47,RU
285,Gazimurskiy Zavod,100,1659489862,54,51.5461,118.3266,77.68,4.7,RU
286,Soyo,53,1659489863,89,-6.1349,12.3689,68.59,10.92,AO
287,Krutikha,16,1659489863,66,53.9599,81.2093,58.93,4.45,RU
288,Udachny,100,1659489864,100,66.4167,112.4,46.45,18.07,RU
289,Wajima,75,1659489864,83,37.4,136.9,84.88,13.8,JP
290,Camiri,0,1659489865,81,-20.05,-63.5167,67.55,1.83,BO
291,Mahibadhoo,40,1659489608,74,3.7833,72.9667,81.93,17.47,MV
292,Wanning,32,1659489266,70,18.8003,110.3967,85.98,4.68,CN
293,Banjar,25,1659489866,69,-8.19,114.9675,82.24,1.86,ID
294,Kerrobert,77,1659489867,73,51.9168,-109.1348,68.05,17.18,CA
295,Malbork,100,1659489867,66,54.0359,19.0266,62.58,5.59,PL
296,Amahai,99,1659489868,78,-3.3333,128.9167,80.8,2.93,ID
297,Usinsk,97,1659489868,71,65.9939,57.5281,64.22,9.24,RU
298,Lahat,100,1659489869,96,-3.8,103.5333,74.08,0.98,ID
299,Swan Hill,2,1659489869,44,-35.3378,143.5544,65.3,17.27,AU
300,Faya,65,1659489846,73,18.3851,42.4509,59.52,1.61,SA
301,Erenhot,64,1659489870,53,43.6475,111.9767,80.44,6.67,CN
302,Saldanha,7,1659489410,91,-33.0117,17.9442,51.85,7.61,ZA
303,Tabuk,100,1659489871,87,17.4189,121.4443,77.43,4.41,PH
304,Begūn,100,1659489872,81,24.9833,75.0,79.14,4.47,IN
305,Sakakah,3,1659489872,18,29.9697,40.2064,87.37,11.81,SA
306,Vytegra,94,1659489873,98,61.0064,36.4481,56.17,5.35,RU
307,Kushiro,75,1659489404,100,42.975,144.3747,63.55,3.44,JP
308,Okitipupa,10,1659489873,96,6.5047,4.7839,70.07,2.17,NG
309,Zunheboto,100,1659489874,98,25.9667,94.5167,67.37,1.99,IN
310,Dhidhdhoo,100,1659489689,79,6.8833,73.1,80.74,22.03,MV
311,Khirkiya,100,1659489875,88,22.1674,76.8605,78.06,3.0,IN
312,Chyorny Yar,100,1659489876,34,48.0624,46.1091,78.4,5.86,RU
313,Ţahţā,89,1659489877,33,26.7693,31.5021,84.83,8.23,EG
314,Tiksi,100,1659489878,85,71.6872,128.8694,40.08,5.86,RU
315,Sinnamary,100,1659489878,87,5.3833,-52.95,78.35,9.24,GF
316,Rupert,0,1659489879,39,42.6191,-113.6772,82.35,9.22,US
317,Bilibino,100,1659489416,81,68.0546,166.4372,55.76,5.99,RU
318,Pacific Grove,40,1659489880,85,36.6177,-121.9166,80.55,10.36,US
319,Vardø,100,1659489550,100,70.3705,31.1107,51.78,12.66,NO
320,Pokhara,100,1659489655,92,28.2333,83.9833,72.3,0.85,NP
321,Sobolevo,100,1659489655,93,54.4299,31.8996,60.31,7.83,RU
322,Mackay,8,1659489882,83,-21.15,149.2,77.68,11.23,AU
323,Half Moon Bay,100,1659489442,73,37.4636,-122.4286,84.54,21.85,US
324,Thabazimbi,52,1659489882,75,-24.5917,27.4116,55.2,4.88,ZA
325,Batagay,100,1659489883,85,67.6333,134.6333,50.52,2.66,RU
326,Amargosa,14,1659489884,98,-13.0303,-39.6047,62.64,4.03,BR
327,Tavda,6,1659489884,82,58.0425,65.2726,52.99,3.44,RU
328,Nurobod,30,1659489885,47,40.9056,69.8023,71.87,4.38,UZ
329,Howick,97,1659489885,64,-29.4779,30.2306,52.39,4.61,ZA
330,Auki,14,1659489886,63,-8.7676,160.7034,86.04,4.72,SB
331,Clarence Town,50,1659489886,53,-32.5833,151.7833,63.81,4.27,AU
332,Am Timan,98,1659489887,95,11.0297,20.2827,71.29,4.7,TD
333,Poum,5,1659489373,87,-20.2333,164.0167,75.04,16.98,NC
334,Salta,75,1659489633,69,-24.7859,-65.4117,68.59,6.91,AR
335,Hamilton,0,1659489789,75,39.1834,-84.5333,80.44,5.75,US
336,Belgaum,75,1659489888,88,15.8667,74.5,69.71,2.3,IN
337,Cayenne,75,1659489261,1,4.9333,-52.3333,83.08,5.75,GF
338,Grindavik,75,1659489496,76,63.8424,-22.4338,48.67,16.11,IS
339,Buchanan,71,1659489889,82,5.8808,-10.0467,74.7,6.4,LR
340,Katsuura,100,1659489539,77,35.1333,140.3,86.23,12.15,JP
341,Saint-Augustin,38,1659489890,95,51.226,-58.6502,62.37,14.32,CA
342,Nelson Bay,67,1659489891,78,-32.7167,152.15,60.01,3.0,AU
343,Nadym,19,1659489892,57,65.5333,72.5167,60.51,1.88,RU
344,Norman Wells,75,1659489265,53,65.282,-126.8329,73.44,8.05,CA
345,Seddon,75,1659489704,58,-37.8068,144.8916,64.67,21.85,AU
346,High Level,75,1659489894,60,58.5169,-117.136,68.11,6.91,CA
347,Ampanihy,0,1659489894,80,-24.7,44.75,57.87,7.27,MG
348,Khovd,15,1659489894,36,48.0056,91.6419,68.58,3.33,MN
349,Yingkou,100,1659489360,73,40.6648,122.2283,82.58,10.85,CN
350,Dalby,74,1659489895,52,-27.1833,151.2667,69.98,3.0,AU
351,Klaksvík,100,1659489896,89,62.2266,-6.589,49.12,18.07,FO
352,Karratha,0,1659489388,55,-20.7377,116.8463,67.98,13.09,AU
353,Kysyl-Syr,51,1659489897,48,63.8986,122.7617,63.91,7.63,RU
354,Miroslav,71,1659489898,100,48.9477,16.3125,68.45,3.51,CZ
355,Iqaluit,75,1659489355,87,63.7506,-68.5145,42.53,8.05,CA
356,Mossamedes,41,1659489898,78,-15.1961,12.1522,58.53,4.36,AO
357,Aleksandrov Gay,0,1659489899,46,50.147,48.5704,71.2,7.07,RU
358,Palu,37,1659489726,82,-0.8917,119.8707,81.93,1.28,ID
359,Sisimiut,66,1659489900,93,66.9395,-53.6735,43.0,2.28,GL
360,Ziro,100,1659489900,96,27.6333,93.8333,61.95,0.6,IN
361,Pindiga,100,1659489593,97,9.9833,10.9333,66.74,6.24,NG
362,Miles City,0,1659489774,18,46.4083,-105.8406,90.57,20.71,US
363,Dillon,88,1659489698,53,34.4166,-79.3712,88.25,5.41,US
364,Fuzhou,5,1659489902,80,26.0614,119.3061,87.69,1.97,CN
365,Isiro,100,1659489902,84,2.7739,27.616,69.03,0.16,CD
366,Vila Velha,40,1659489326,89,-20.3297,-40.2925,73.35,6.91,BR
367,Zeya,13,1659489903,63,53.75,127.2667,74.68,3.11,RU
368,Morón,3,1659489904,90,-34.6534,-58.6198,57.96,4.61,AR
369,Souillac,40,1659489658,88,-20.5167,57.5167,66.58,4.61,MU
370,Caxito,3,1659489905,89,-8.5785,13.6643,62.55,2.68,AO
371,Khandyga,100,1659489905,90,62.6667,135.6,65.53,4.65,RU
372,Nichinan,97,1659489906,73,31.6,131.3667,85.68,4.85,JP
373,Kalmunai,100,1659489576,84,7.4167,81.8167,77.4,9.75,LK
374,Iranshahr,68,1659489907,51,27.2025,60.6848,89.35,7.85,IR
375,San Fernando,100,1659489907,75,15.0286,120.6898,87.53,2.21,PH
376,Lompoc,0,1659489314,80,34.6391,-120.4579,84.34,14.97,US
377,Bichura,100,1659489908,87,50.5881,107.6022,67.23,2.75,RU
378,Binga,0,1659489909,73,-17.6203,27.3414,61.0,6.64,ZW
379,Kaeo,100,1659489702,95,-35.1,173.7833,60.33,3.36,NZ
380,Meulaboh,100,1659489909,85,4.1363,96.1285,76.46,2.33,ID
381,Umeå,100,1659489910,88,63.8284,20.2597,58.93,8.05,SE
382,Ukholovo,100,1659489911,67,53.7929,40.4892,62.33,6.87,RU
383,Kargasok,0,1659489911,74,59.0556,80.8572,55.11,8.39,RU
384,Chokurdakh,100,1659489547,48,70.6333,147.9167,55.99,7.58,RU
385,Lao Cai,36,1659489858,88,22.4833,103.95,80.67,1.21,VN
386,Minot,0,1659489912,44,48.2325,-101.2963,82.62,16.11,US
387,Tiznit Province,23,1659489688,21,29.5833,-9.5,88.56,2.64,MA
388,Alice Springs,71,1659489913,21,-23.7,133.8833,78.35,17.27,AU
389,Bukama,0,1659489914,36,-9.2,25.85,70.77,2.77,CD
390,La Unión,0,1659489914,69,-5.4,-80.75,68.68,14.0,PE
391,Seoul,100,1659489356,94,37.5683,126.9778,80.17,5.75,KR
392,Carballo,97,1659489915,93,43.213,-8.691,69.01,8.99,ES
393,Kodinsk,35,1659489915,66,58.6881,99.1844,56.73,7.67,RU
394,Sibolga,100,1659489916,86,1.7427,98.7792,76.35,2.33,ID
395,Svetlaya,100,1659489917,95,46.5389,138.3297,66.16,3.47,RU
396,Christchurch,25,1659489917,31,-43.5333,172.6333,64.33,12.66,NZ
397,Calama,0,1659489918,19,-22.4667,-68.9333,52.29,9.22,CL
398,Kudahuvadhoo,100,1659489376,77,2.6708,72.8944,80.53,16.6,MV
399,Luan,34,1659489919,68,46.3592,6.9759,64.36,4.45,CH
400,North Bend,0,1659489636,85,43.4065,-124.2243,83.25,17.27,US
401,Timmins,40,1659489311,82,48.4669,-81.3331,60.62,3.44,CA
402,Río Gallegos,0,1659489661,86,-51.6226,-69.2181,33.85,2.3,AR
403,Dunedin,73,1659489109,62,-45.8742,170.5036,54.3,16.04,NZ
404,Benicarló,0,1659489920,66,40.4165,0.4271,82.24,6.82,ES
405,İstisu,1,1659489921,70,40.9457,48.0738,61.47,3.91,AZ
406,Teya,100,1659489922,97,60.3778,92.6267,49.53,2.28,RU
407,Todos Santos,17,1659489922,81,23.45,-110.2167,91.04,3.38,MX
408,Gonaïves,8,1659489923,75,19.45,-72.6833,80.53,7.83,HT
409,Westport,0,1659489537,83,41.1415,-73.3579,83.75,6.91,US
410,Sistranda,100,1659489379,80,63.7256,8.834,57.16,10.07,NO
411,Griffith,0,1659489924,72,41.5284,-87.4237,84.13,9.22,US
412,Mineiros,69,1659489924,30,-17.5694,-52.5511,69.39,4.9,BR
413,Kralendijk,40,1659489925,83,12.15,-68.2667,82.38,14.97,BQ
414,Ostrovnoy,100,1659489691,96,68.0531,39.5131,54.07,5.17,RU
415,Cap-aux-Meules,75,1659489661,83,47.3821,-61.8597,71.65,11.5,CA
416,Cabedelo,12,1659489926,85,-6.9811,-34.8339,74.07,4.61,BR
417,Caravelas,0,1659489927,85,-17.7125,-39.2481,69.35,4.81,BR
418,Sydney Mines,100,1659489927,95,46.2367,-60.2177,70.27,13.8,CA
419,Igunga,5,1659489928,48,-4.2833,33.8833,67.39,7.83,TZ
420,Matagami,0,1659489929,82,49.7502,-77.6328,57.31,2.3,CA
421,Kieta,87,1659489504,67,-6.2167,155.6333,85.17,8.86,PG
422,Nara,5,1659489929,44,34.6851,135.8049,91.9,8.01,JP
423,Nishihara,40,1659489613,81,26.1842,127.7558,87.46,5.75,JP
424,Trelew,0,1659489930,59,-43.249,-65.3051,42.57,6.87,AR
425,Oranjemund,0,1659489931,92,-28.55,16.4333,52.18,4.79,NA
426,Nanortalik,13,1659489598,81,60.1432,-45.2371,45.32,8.37,GL
427,Quatre Cocos,25,1659489932,71,-20.2078,57.7625,66.31,9.26,MU
428,Hofn,49,1659489932,73,64.2539,-15.2082,48.69,11.41,IS
429,Chara,78,1659489933,55,56.9064,118.2631,72.93,1.79,RU
430,Codrington,35,1659489575,70,-38.2667,141.9667,57.96,21.5,AU
431,Shatki,52,1659489934,80,55.1887,44.1249,58.12,4.27,RU
432,Kirovskiy,97,1659489934,73,45.0917,133.5136,82.78,5.08,RU
433,Dalianwan,0,1659489935,74,39.0286,121.695,86.04,6.71,CN
434,Mana,98,1659489935,89,5.6592,-53.7767,77.81,9.04,GF
435,Adrar,8,1659489936,36,20.5022,-10.0711,91.45,17.22,MR
436,Saint-Leu,0,1659489937,76,-21.15,55.2833,65.32,11.45,RE
437,Aykhal,100,1659489937,97,66.0,111.5,42.8,19.48,RU
438,Victor Harbor,0,1659489549,69,-35.5667,138.6167,61.0,4.0,AU
439,Benguela,72,1659489938,79,-12.5763,13.4055,64.13,2.04,AO
440,Southbridge,12,1659489939,91,42.0751,-72.0334,77.92,4.27,US
441,Menongue,85,1659489671,43,-14.6585,17.691,55.17,3.4,AO
442,Elko,24,1659489939,27,41.0002,-115.5012,87.75,13.0,US
443,Capanema,20,1659489940,97,-1.1958,-47.1808,73.0,4.36,BR
444,Shenjiamen,6,1659489941,80,29.9576,122.298,84.72,15.61,CN
445,Nyurba,15,1659489941,57,63.2842,118.3319,68.25,9.51,RU
446,Grimstad,100,1659489942,97,58.3405,8.5934,62.51,10.0,NO
447,Vanavara,100,1659489942,94,60.34,102.2797,56.89,5.32,RU
448,Bonthe,73,1659489943,82,7.5264,-12.505,74.93,5.61,SL
449,San Angelo,0,1659489726,25,31.4638,-100.437,98.89,11.5,US
450,Sola,10,1659489944,78,-13.8833,167.55,81.41,14.34,VU
451,Hualmay,28,1659489339,83,-11.0964,-77.6139,61.93,12.93,PE
452,Loukhi,100,1659489945,98,66.0764,33.0381,54.81,2.95,RU
453,Marsh Harbour,0,1659489946,65,26.5412,-77.0636,82.74,10.27,BS
454,Pedernales,44,1659489946,74,18.0384,-71.744,81.9,3.42,DO
455,Nabire,100,1659489947,69,-3.3667,135.4833,84.47,2.15,ID
456,Baker City,0,1659489564,25,44.7749,-117.8344,89.31,9.22,US
457,Itatskiy,100,1659489948,70,56.07,89.0369,55.09,3.6,RU
458,Praia da Vitória,75,1659489418,83,38.7333,-27.0667,75.45,5.39,PT
459,Port-Gentil,16,1659489948,80,-0.7193,8.7815,74.37,11.72,GA
460,Alofi,75,1659489403,65,-19.0595,-169.9187,80.49,18.41,NU
461,Winnemucca,40,1659489949,20,40.973,-117.7357,93.25,4.61,US
462,Tautira,16,1659489950,75,-17.7333,-149.15,77.07,21.47,PF
463,Acapulco de Juárez,75,1659489941,74,16.8634,-99.8901,85.82,5.75,MX
464,Marystown,100,1659489951,100,47.1666,-55.1483,64.85,6.31,CA
465,Alta Floresta,100,1659489392,36,-9.8756,-56.0861,75.7,4.45,BR
466,Carutapera,19,1659489729,89,-1.195,-46.02,75.99,6.42,BR
467,Barcelos,7,1659489952,93,41.5388,-8.6151,67.84,1.83,PT
468,Miramar,0,1659489953,78,25.9873,-80.2323,84.99,8.05,US
469,Çumra,0,1659489953,45,37.5732,32.7745,73.54,9.01,TR
470,Meghri,17,1659489954,86,38.9029,46.2446,73.17,4.92,AM
471,Emerald,40,1659489954,73,-23.5333,148.1667,69.94,9.22,AU
472,Bāglung,100,1659489955,92,28.2719,83.5898,70.27,2.51,NP
473,Zhezkazgan,40,1659489956,59,47.8043,67.7144,66.18,6.71,KZ
474,Santa Fe,96,1659489956,76,-31.6333,-60.7,62.02,4.0,AR
475,Qaqortoq,8,1659489621,81,60.7167,-46.0333,44.96,1.72,GL
476,Evanton,73,1659489957,93,57.6638,-4.34,58.66,8.46,GB
477,Bolshaya Sosnova,48,1659489958,82,57.6713,54.6029,54.93,4.21,RU
478,Bato,100,1659489958,80,13.3528,123.3677,82.65,1.97,PH
479,Zaysan,8,1659489959,38,47.4667,84.8667,72.81,3.0,KZ
480,Grootfontein,65,1659489959,15,-19.5667,18.1167,44.17,5.75,NA
481,Byron Bay,97,1659489379,64,-28.65,153.6167,67.95,7.0,AU
482,Broome,0,1659489657,76,42.2506,-75.833,71.65,8.05,US
483,Kuril'sk,55,1659489961,82,45.2333,147.8833,59.54,10.36,RU
484,Ikongo,100,1659489961,99,-21.8833,47.4333,61.5,1.7,MG
485,Senneterre,0,1659489962,70,48.3835,-77.2328,55.4,2.15,CA
486,Lima,75,1659489165,83,-12.0432,-77.0282,59.9,12.66,PE
487,Saint George,0,1659489632,30,37.1041,-113.5841,95.63,11.5,US
488,San Vicente,0,1659489762,75,-26.6167,-54.1333,62.38,2.55,AR
489,Turukhansk,5,1659489963,46,65.8167,87.9833,56.59,8.79,RU
490,Katobu,100,1659489964,65,-4.9408,122.5276,81.68,6.04,ID
491,Jiangkou,23,1659489965,79,25.4872,119.1986,82.67,1.81,CN
492,Assiut,11,1659489965,37,27.181,31.1837,83.95,11.54,EG
493,Chuguyevka,100,1659489966,66,44.1653,133.8633,83.93,2.66,RU
494,Viedma,0,1659489966,81,-40.8135,-62.9967,44.08,6.35,AR
495,Doha,0,1659489875,68,25.2867,51.5333,94.98,4.61,QA
496,Puerto Colombia,98,1659489967,84,10.9878,-74.9547,80.69,20.62,CO
497,Władysławowo,100,1659489968,65,54.7909,18.4009,62.94,9.37,PL
498,Raudeberg,100,1659489412,64,61.9875,5.1352,58.96,17.87,NO
499,Colares,85,1659489969,72,38.7992,-9.4469,69.3,21.99,PT
500,Miandrivazo,0,1659489969,58,-19.5167,45.4667,67.78,4.29,MG
501,San Luis,39,1659489970,57,-33.295,-66.3356,54.34,7.47,AR
502,Sémbé,79,1659489970,76,1.6481,14.5806,73.22,2.26,CG
503,Waitati,84,1659489971,42,-45.75,170.5667,58.8,9.33,NZ
504,Luanda,40,1659489771,88,-8.8368,13.2343,64.4,6.91,AO
505,Angoche,0,1659489972,80,-16.2325,39.9086,71.42,8.3,MZ
506,São Filipe,43,1659489972,83,14.8961,-24.4956,77.43,6.15,CV
507,Chapais,9,1659489973,69,49.7834,-74.8492,56.98,4.94,CA
508,La Capilla,100,1659489974,96,5.7049,-73.4753,51.03,3.87,CO
509,Tieli,100,1659489974,67,46.95,128.05,79.74,4.81,CN
510,Naze,15,1659489417,84,28.3667,129.4833,85.12,9.86,JP
511,Gorontalo,62,1659489975,79,0.5412,123.0595,82.36,2.91,ID
512,Phalombe,100,1659489975,92,-15.8064,35.6507,60.21,3.18,MW
513,Evensk,100,1659489976,95,61.95,159.2333,53.26,7.02,RU
514,Vestmannaeyjar,39,1659489976,71,63.4427,-20.2734,48.85,22.17,IS
515,Umm Kaddadah,47,1659489977,57,13.6017,26.6876,81.55,11.03,SD
516,Svatove,8,1659489977,94,49.4103,38.1503,64.2,6.35,UA
517,Leer,47,1659489920,97,8.3018,30.1418,67.75,3.83,SS
518,Aasiaat,100,1659489978,95,68.7098,-52.8699,41.63,11.34,GL
519,Rosita,100,1659489979,99,13.9268,-84.4032,74.62,2.95,NI
520,Vorontsovka,100,1659489979,76,50.6132,40.3549,67.12,12.93,RU
521,Abonnema,100,1659489980,85,4.7084,6.7931,75.49,5.28,NG
522,Mackenzie,100,1659489980,59,55.2999,-123.1698,62.82,6.91,CA
523,Aklavik,100,1659489981,62,68.2191,-135.0107,53.92,13.38,CA
524,Palmares do Sul,100,1659489981,86,-30.2578,-50.5097,59.45,8.1,BR
525,Bose,100,1659489611,70,45.4612,8.0137,73.76,3.62,IT
526,Manokwari,98,1659489982,76,-0.8667,134.0833,81.27,1.77,ID
527,Canandaigua,3,1659489884,81,42.8742,-77.288,71.37,4.47,US
528,Zhalantun,0,1659489983,59,48.0,122.7167,81.05,2.95,CN
529,Santa Maria da Boa Vista,100,1659489984,63,-8.8078,-39.8256,74.71,16.15,BR
530,Hambantota,75,1659489984,83,6.1241,81.1185,77.34,11.5,LK
531,Aranda de Duero,37,1659489985,52,41.6704,-3.6892,72.5,1.72,ES
532,Cedar City,0,1659489985,64,37.6775,-113.0619,80.4,4.61,US
533,Kidal,100,1659489986,44,18.4411,1.4078,83.8,10.94,ML
534,Atlantic Beach,40,1659489806,77,30.3344,-81.3987,86.25,12.66,US
535,Tuatapere,50,1659489652,73,-46.1333,167.6833,51.03,12.73,NZ
536,Sikasso,100,1659489988,94,10.9167,-7.0,71.74,4.61,ML
537,Sheridan,40,1659489988,39,44.8333,-106.9173,82.78,9.22,US
538,Walvis Bay,4,1659489396,87,-22.9575,14.5053,48.09,3.44,NA
539,Jiaojiang,0,1659489989,67,28.6803,121.4428,89.01,5.86,CN
540,Banda Aceh,100,1659489560,74,5.5577,95.3222,80.65,12.82,ID
541,Oddur,100,1659489990,63,4.1213,43.8894,72.16,18.84,SO
542,Kohtla-Järve,21,1659489991,94,59.3986,27.2731,58.1,7.52,EE
543,Petropavlovsk-Kamchatskiy,75,1659489194,55,53.0452,158.6483,64.99,13.42,RU
544,Alekseyevsk,100,1659489991,96,57.8406,108.3492,63.54,9.75,RU
545,Ilulissat,75,1659489993,87,69.2167,-51.1,48.22,1.14,GL
546,Genhe,97,1659489993,51,50.7833,121.5167,78.35,3.58,CN
547,Nha Trang,100,1659489781,87,12.25,109.1833,86.0,3.74,VN
548,Cap Malheureux,1,1659489642,78,-19.9842,57.6142,66.47,3.0,MU
549,Teyateyaneng,100,1659489994,68,-29.1472,27.7489,49.6,4.65,LS
